Changes made at Sat Aug  9 05:58:18 UTC 2025
Changes made at Thu Nov 20 14:17:19 UTC 2025
Changes made at Thu Nov 20 14:24:50 UTC 2025
Changes made at Thu Nov 20 16:31:49 UTC 2025
Changes made at Fri Nov 21 08:34:02 UTC 2025
Changes made at Fri Nov 21 10:26:07 UTC 2025
Changes made at Fri Nov 21 14:23:42 UTC 2025
Changes made at Fri Nov 21 16:29:43 UTC 2025
Changes made at Sat Nov 22 08:29:20 UTC 2025
Changes made at Sat Nov 22 10:23:03 UTC 2025
Changes made at Sat Nov 22 14:20:00 UTC 2025
Changes made at Sat Nov 22 16:27:36 UTC 2025
Changes made at Sun Nov 23 08:29:37 UTC 2025
Changes made at Sun Nov 23 10:23:27 UTC 2025
Changes made at Sun Nov 23 14:20:06 UTC 2025
Changes made at Sun Nov 23 16:27:58 UTC 2025
Changes made at Mon Nov 24 08:35:32 UTC 2025
Changes made at Mon Nov 24 10:28:45 UTC 2025
Changes made at Mon Nov 24 14:25:47 UTC 2025
Changes made at Mon Nov 24 16:28:07 UTC 2025
Changes made at Tue Nov 25 08:34:00 UTC 2025
